{"minSpeed_action": 0, "maxSpeed_action": 250, "flick_time": 0.15, "flick_pitch": -0.33333333333333337, "jump1_pitch": 0.33333333333333326, "jump1_time": 0.05, "jump2_pitch": 0.33333333333333326, "jump2_time": 0.12000000000000001}